Heretics,1
,get this as character
JurNii,
Lucky,
MethodZsick,
Mettalz,
Wartex,
Totals,
Luminosity,
,
Brack,
Formal,
John,
Skyz,
Slacked,
Totals,
Heretics,
,
JurNii,
Lucky,
MethodZsick,
Mettalz,
Wartex,
Totals,
Luminosity,1
,
Brack,
Formal,
John,
Skyz,
Slacked,
Totals,
Heretics,1
,
JurNii,
Lucky,
MethodZsick,
Mettalz,
Wartex,
Totals,
Luminosity,
,
Brack,
Formal,
John,
Skyz,
Slacked,
Totals,
Heretics,
,
JurNii,
Lucky,
MethodZsick,
Mettalz,
Wartex,
Totals,
Luminosity,1
,
Brack,
Formal,
John,
Skyz,
Slacked,
Totals,
Heretics,
,
JurNii,
Lucky,
MethodZsick,
Mettalz,
Wartex,
Totals,
Luminosity,1
,
Brack,
Formal,
John,
Skyz,
Slacked,
Totals,
